{"weights": {"Ravenclaw": {"ones": -182.879335858812, "Arithmancy": -82.0350985631142, "Astronomy": -333.04632627855074, "Herbology": 61.715968963980465, "Defense Against the Dark Arts": 150.16699041973885, "Divination": -15.015116157699714, "Muggle Studies": 268.01543379827615, "Ancient Runes": 167.9504525261935, "History of Magic": -46.81012672067197, "Transfiguration": -59.86467991922276, "Potions": -72.58686905665617, "Care of Magical Creatures": -89.22223050535567, "Charms": 225.55569305470715, "Flying": -105.76364459331572}, "Slytherin": {"ones": 11.848611731101188, "Arithmancy": -0.8277573102997484, "Astronomy": -37.8869179580679, "Herbology": -38.44097349193874, "Defense Against the Dark Arts": 49.73552968916915, "Divination": -75.97927170608375, "Muggle Studies": -34.373489512644596, "Ancient Runes": -48.441528232791356, "History of Magic": 25.2785326032678, "Transfiguration": 58.100021447748404, "Potions": 58.293312574071244, "Care of Magical Creatures": -3.1138391897714133, "Charms": -29.578962417249134, "Flying": -36.56075457218574}, "Gryffindor": {"ones": 258.96639434121363, "Arithmancy": 112.38053867908296, "Astronomy": 604.5003446868758, "Herbology": -594.4151168816003, "Defense Against the Dark Arts": -345.53395034566233, "Divination": 455.8556517189376, "Muggle Studies": -141.81322246366733, "Ancient Runes": 788.5415626914665, "History of Magic": -793.4444642423281, "Transfiguration": -934.5221715277431, "Potions": -260.3045875250699, "Care of Magical Creatures": 42.22687600011412, "Charms": -426.1137398665668, "Flying": 1038.5251946393694}, "Hufflepuff": {"ones": -384.02240015953527, "Arithmancy": -125.89099372485938, "Astronomy": 1396.632822102818, "Herbology": 1239.3321865464711, "Defense Against the Dark Arts": -1780.6552222623534, "Divination": 431.6641245494569, "Muggle Studies": -1071.6391586954983, "Ancient Runes": -1751.2745105645085, "History of Magic": 659.1254774267993, "Transfiguration": 613.6200325967981, "Potions": -610.6995669115103, "Care of Magical Creatures": -156.96794826314414, "Charms": -316.139800045665, "Flying": -758.875621262008}}, "ranges": {"Arithmancy": {"min": -24370.0, "max": 104956.0}, "Astronomy": {"min": -966.7405456412164, "max": 1016.2119403873959}, "Herbology": {"min": -10.295662748653244, "max": 10.296759343358662}, "Defense Against the Dark Arts": {"min": -10.16211940387396, "max": 9.667405456412162}, "Divination": {"min": -8.727, "max": 10.032}, "Muggle Studies": {"min": -1043.9615274537164, "max": 1092.3886105728684}, "Ancient Runes": {"min": 283.8696087336624, "max": 745.3962198761234}, "History of Magic": {"min": -8.431116672589212, "max": 11.889712754042707}, "Transfiguration": {"min": 906.6273196915248, "max": 1094.4606136146108}, "Potions": {"min": -3.62076162765629, "max": 13.536762124994421}, "Care of Magical Creatures": {"min": -3.313675764124477, "max": 3.0565457738978123}, "Charms": {"min": -261.04892, "max": -225.42813999999998}, "Flying": {"min": -181.47, "max": 279.07}}}