{"weights": {"Ravenclaw": {"ones": -3.8344367092105127, "Best Hand": -0.10252859816637282, "Astronomy": -5.552425209183195, "Herbology": 1.9142596187373848, "Divination": 0.6171951220570245, "Muggle Studies": 4.876809066667672, "Ancient Runes": 3.009902853554345, "History of Magic": -0.7899462367641942, "Transfiguration": -0.8870259878672945, "Potions": -1.3365379941712023, "Charms": 4.64690276275844, "Flying": -2.0018101954045964}, "Slytherin": {"ones": 2.4818106030204166, "Best Hand": -0.1355547965057776, "Astronomy": -3.5394784651514186, "Herbology": -3.620856680660375, "Divination": -6.092150337184635, "Muggle Studies": -1.5216219897134045, "Ancient Runes": -1.9495289555614859, "History of Magic": 1.683345666105568, "Transfiguration": 2.542645071383506, "Potions": 3.802136530125426, "Charms": -2.2388481662911235, "Flying": -1.1185534831182122}, "Gryffindor": {"ones": 0.017678459593658116, "Best Hand": 0.4148891479709328, "Astronomy": 1.4295510921627983, "Herbology": -2.7194281420421276, "Divination": 1.3517249128645992, "Muggle Studies": -0.5372102801162542, "Ancient Runes": 3.0361524482827797, "History of Magic": -3.621239623239737, "Transfiguration": -3.71159152524102, "Potions": -1.1148323601269596, "Charms": -1.6109726366913466, "Flying": 3.5045307205234395}, "Hufflepuff": {"ones": -3.920218163482987, "Best Hand": -0.09061934263501535, "Astronomy": 6.44228708027391, "Herbology": 5.626834792630111, "Divination": 2.91078152802887, "Muggle Studies": -3.9242986447573043, "Ancient Runes": -6.603457216598383, "History of Magic": 2.265485465873031, "Transfiguration": 0.8877060174363427, "Potions": -2.7740614786441524, "Charms": -0.7987015919019951, "Flying": -3.348613618792056}}, "ranges": {"Astronomy": {"min": -966.7405456412164, "max": 1016.2119403873959}, "Herbology": {"min": -10.295662748653244, "max": 10.296759343358662}, "Divination": {"min": -8.727, "max": 10.032}, "Muggle Studies": {"min": -1043.9615274537164, "max": 1092.3886105728684}, "Ancient Runes": {"min": 283.8696087336624, "max": 745.3962198761234}, "History of Magic": {"min": -8.431116672589212, "max": 11.889712754042707}, "Transfiguration": {"min": 906.6273196915248, "max": 1094.4606136146108}, "Potions": {"min": -3.62076162765629, "max": 13.536762124994421}, "Charms": {"min": -261.04892, "max": -225.42813999999998}, "Flying": {"min": -181.47, "max": 279.07}, "Best Hand": {"min": 0, "max": 1}}}