{"weights": {"Ravenclaw": {"theta_0": -58.8598583123492, "theta_1": -31.781098399355216, "theta_2": -109.15574422784985, "theta_3": 20.251290561450087, "theta_4": 50.29588591550066, "theta_5": -7.051405880135652, "theta_6": 79.56676788906269, "theta_7": 47.21975075831185, "theta_8": -10.895465064048912, "theta_9": -14.424630672052622, "theta_10": -18.773489349597344, "theta_11": -26.93240063079452, "theta_12": 72.9023899896812, "theta_13": -36.72813554323095}, "Slytherin": {"theta_0": 3.3233677777620514, "theta_1": 1.1347730056722016, "theta_2": -11.662664386314018, "theta_3": -12.693410617037735, "theta_4": 14.986032164076077, "theta_5": -20.80150217747378, "theta_6": -7.239189292951921, "theta_7": -11.434712596865237, "theta_8": 7.450746517329693, "theta_9": 11.745364049560724, "theta_10": 14.388432663715895, "theta_11": 0.5367592170676441, "theta_12": -8.174822587362945, "theta_13": -10.070743772273557}, "Gryffindor": {"theta_0": 17.926858897280084, "theta_1": 8.596934321773873, "theta_2": 39.10511203895996, "theta_3": -40.65986378252948, "theta_4": -21.17825314167987, "theta_5": 23.410846452779424, "theta_6": -13.041111093076598, "theta_7": 45.87354244902046, "theta_8": -50.450578644352156, "theta_9": -56.499061469131604, "theta_10": -14.41873814721948, "theta_11": 4.733543321471752, "theta_12": -31.96985480308731, "theta_13": 65.10428873731817}, "Hufflepuff": {"theta_0": -23.253229720052786, "theta_1": -9.42709600612575, "theta_2": 78.02441946713043, "theta_3": 69.7752440515488, "theta_4": -101.27764918718317, "theta_5": 23.340481971108623, "theta_6": -60.58965375653611, "theta_7": -100.7780567107653, "theta_8": 37.65112263491355, "theta_9": 35.46099186841144, "theta_10": -34.04731967014356, "theta_11": -9.694646279256569, "theta_12": -17.80614805922673, "theta_13": -44.57365760542724}}, "ranges": {"Arithmancy": {"min": -24370.0, "max": 104956.0}, "Astronomy": {"min": -966.7405456412164, "max": 1016.2119403873959}, "Herbology": {"min": -10.295662748653244, "max": 10.296759343358662}, "Defense Against the Dark Arts": {"min": -10.16211940387396, "max": 9.667405456412162}, "Divination": {"min": -8.727, "max": 10.032}, "Muggle Studies": {"min": -1043.9615274537164, "max": 1092.3886105728684}, "Ancient Runes": {"min": 283.8696087336624, "max": 745.3962198761234}, "History of Magic": {"min": -8.431116672589212, "max": 11.889712754042707}, "Transfiguration": {"min": 906.6273196915248, "max": 1094.4606136146108}, "Potions": {"min": -3.62076162765629, "max": 13.536762124994421}, "Care of Magical Creatures": {"min": -3.313675764124477, "max": 3.0565457738978123}, "Charms": {"min": -261.04892, "max": -225.42813999999998}, "Flying": {"min": -181.47, "max": 279.07}}}