{"weights": {"Ravenclaw": {"ones": -4.012151697984494, "Astronomy": -5.536705492832588, "Herbology": 1.9691191875659022, "Divination": 0.8321605050333096, "Muggle Studies": 5.041326654313063, "Ancient Runes": 3.179231169270217, "History of Magic": -0.775934945339379, "Transfiguration": -1.1188206490604444, "Potions": -1.4634585806937248, "Charms": 4.770184559030536, "Flying": -2.0653390289577946}, "Slytherin": {"ones": 2.0792169389209465, "Astronomy": -3.4497335708538355, "Herbology": -3.3833062741229383, "Divination": -5.612990972887975, "Muggle Studies": -1.2373795821699576, "Ancient Runes": -1.7387157834782212, "History of Magic": 1.5899358567270307, "Transfiguration": 2.4230116491083686, "Potions": 3.656789875732608, "Charms": -1.917882958765399, "Flying": -1.2214511399614139}, "Gryffindor": {"ones": 0.0961528569002617, "Astronomy": 1.5310171454807664, "Herbology": -2.8691192711606432, "Divination": 1.5116488648752198, "Muggle Studies": -0.49930179568692407, "Ancient Runes": 3.0570127128606055, "History of Magic": -3.6806289743421874, "Transfiguration": -3.7987000193134706, "Potions": -1.1755905095178656, "Charms": -1.629055163798895, "Flying": 3.6017460444522156}, "Hufflepuff": {"ones": -4.051458936229088, "Astronomy": 6.4636292182521, "Herbology": 5.820584109371041, "Divination": 2.6865896851048436, "Muggle Studies": -4.052532222121218, "Ancient Runes": -6.600590602743632, "History of Magic": 2.2542238052210655, "Transfiguration": 0.8529364218186065, "Potions": -2.5846803900181325, "Charms": -0.8319934376608148, "Flying": -3.2410417453755054}}, "ranges": {"Astronomy": {"min": -966.7405456412164, "max": 1016.2119403873959}, "Herbology": {"min": -10.295662748653244, "max": 10.296759343358662}, "Divination": {"min": -8.727, "max": 10.032}, "Muggle Studies": {"min": -1043.9615274537164, "max": 1092.3886105728684}, "Ancient Runes": {"min": 283.8696087336624, "max": 745.3962198761234}, "History of Magic": {"min": -8.431116672589212, "max": 11.889712754042707}, "Transfiguration": {"min": 906.6273196915248, "max": 1094.4606136146108}, "Potions": {"min": -3.62076162765629, "max": 13.536762124994421}, "Charms": {"min": -261.04892, "max": -225.42813999999998}, "Flying": {"min": -181.47, "max": 279.07}}}