{"weights": {"Ravenclaw": {"ones": -0.9657291866884307, "Astronomy": -1.597095198683745, "Herbology": 0.3743415052329797, "Divination": -0.057442881465137895, "Muggle Studies": 1.1640237123721386, "Ancient Runes": 0.6388022409631866, "History of Magic": -0.15748876251758814, "Transfiguration": -0.19547355360816882, "Potions": -0.31141886269501595, "Charms": 1.1179434881952446, "Flying": -0.5993672070426416}, "Slytherin": {"ones": 0.036228911651238746, "Astronomy": -0.8569476267304595, "Herbology": -0.8804481997150853, "Divination": -1.3039501912981326, "Muggle Studies": -0.33793836747592454, "Ancient Runes": -0.5916122048942298, "History of Magic": 0.3161282021695803, "Transfiguration": 0.38084072858612106, "Potions": 0.664750091660032, "Charms": -0.5078093597566502, "Flying": -0.5982214434018266}, "Gryffindor": {"ones": -0.12276117146106054, "Astronomy": 0.5683259440857373, "Herbology": -0.8944780504212427, "Divination": 0.24977775962933302, "Muggle Studies": -0.3656309094733188, "Ancient Runes": 0.6687790903152905, "History of Magic": -1.192248609131201, "Transfiguration": -1.3049409483034462, "Potions": -0.5529468632853953, "Charms": -0.7560817669887587, "Flying": 1.0214376328611943}, "Hufflepuff": {"ones": -0.5533001976975628, "Astronomy": 1.0695171071196432, "Herbology": 0.8737822677716208, "Divination": 0.3270793328772226, "Muggle Studies": -0.8679850926952198, "Ancient Runes": -1.3891683360534344, "History of Magic": 0.3293948045807585, "Transfiguration": 0.2797710933147045, "Potions": -0.6248116848665398, "Charms": -0.31715931431508004, "Flying": -0.6189254032912631}}, "ranges": {"Astronomy": {"min": -966.7405456412164, "max": 1016.2119403873959}, "Herbology": {"min": -10.295662748653244, "max": 10.296759343358662}, "Divination": {"min": -8.727, "max": 10.032}, "Muggle Studies": {"min": -1043.9615274537164, "max": 1092.3886105728684}, "Ancient Runes": {"min": 283.8696087336624, "max": 745.3962198761234}, "History of Magic": {"min": -8.431116672589212, "max": 11.889712754042707}, "Transfiguration": {"min": 906.6273196915248, "max": 1094.4606136146108}, "Potions": {"min": -3.62076162765629, "max": 13.536762124994421}, "Charms": {"min": -261.04892, "max": -225.42813999999998}, "Flying": {"min": -181.47, "max": 279.07}}}