{"weights": {"Ravenclaw": {"ones": -2.1460661994052947, "Astronomy": -3.457896722807979, "Herbology": 1.0371520543758368, "Divination": 0.19413735468818258, "Muggle Studies": 2.8053439146600643, "Ancient Runes": 1.7162099154982038, "History of Magic": -0.4201735424413991, "Transfiguration": -0.516907306125639, "Potions": -0.7443042716744207, "Charms": 2.7199913456845044, "Flying": -1.1525380997101475}, "Slytherin": {"ones": 0.82449605495072, "Astronomy": -1.8670863585005957, "Herbology": -2.025436813022037, "Divination": -3.033888731942526, "Muggle Studies": -0.6992396651771305, "Ancient Runes": -1.1410695709848073, "History of Magic": 0.9991162345040077, "Transfiguration": 1.256173659648217, "Potions": 2.004620382554782, "Charms": -1.1179984688371, "Flying": -1.0447219168001494}, "Gryffindor": {"ones": 0.049398918627755646, "Astronomy": 1.225077926930347, "Herbology": -1.7973424556177313, "Divination": 0.7468936073746328, "Muggle Studies": -0.5401338947067248, "Ancient Runes": 1.668695359368278, "History of Magic": -2.3207980835198776, "Transfiguration": -2.526785944281764, "Potions": -0.8847732829674697, "Charms": -1.3462949609587744, "Flying": 2.2705378357688404}, "Hufflepuff": {"ones": -1.4634205050694258, "Astronomy": 2.933522770243706, "Herbology": 2.5487572909375267, "Divination": 1.1457822027796627, "Muggle Studies": -2.0846466102403083, "Ancient Runes": -3.4055026966815434, "History of Magic": 0.9242514863501594, "Transfiguration": 0.743543675527574, "Potions": -1.5669158293999792, "Charms": -0.5937493258385296, "Flying": -1.536368869458112}}, "ranges": {"Astronomy": {"min": -966.7405456412164, "max": 1016.2119403873959}, "Herbology": {"min": -10.295662748653244, "max": 10.296759343358662}, "Divination": {"min": -8.727, "max": 10.032}, "Muggle Studies": {"min": -1043.9615274537164, "max": 1092.3886105728684}, "Ancient Runes": {"min": 283.8696087336624, "max": 745.3962198761234}, "History of Magic": {"min": -8.431116672589212, "max": 11.889712754042707}, "Transfiguration": {"min": 906.6273196915248, "max": 1094.4606136146108}, "Potions": {"min": -3.62076162765629, "max": 13.536762124994421}, "Charms": {"min": -261.04892, "max": -225.42813999999998}, "Flying": {"min": -181.47, "max": 279.07}}}