{"weights": {"Ravenclaw": {"theta_0": -48.41253163271093, "theta_1": -22.47135593278707, "theta_2": -90.14027542817715, "theta_3": 16.90123893325012, "theta_4": 41.72774379546628, "theta_5": -7.567770749208901, "theta_6": 67.45444178013364, "theta_7": 38.177842113698794, "theta_8": -8.125804520939063, "theta_9": -11.152392841101005, "theta_10": -16.80975819079476, "theta_11": -21.376884599155133, "theta_12": 59.14031696909437, "theta_13": -32.60938226750188}, "Slytherin": {"theta_0": 0.8440571844173099, "theta_1": -1.683424609760339, "theta_2": -6.789305666177377, "theta_3": -5.3566109987698525, "theta_4": 7.633362850594697, "theta_5": -13.15607221061915, "theta_6": -6.8325906499094184, "theta_7": -9.670566841995507, "theta_8": 4.240327449260807, "theta_9": 12.23087749345733, "theta_10": 10.686216693817375, "theta_11": -1.903493092289234, "theta_12": -4.525414404930175, "theta_13": -7.335881988777386}, "Gryffindor": {"theta_0": 15.169925882010501, "theta_1": 6.750336596874335, "theta_2": 24.65926696091363, "theta_3": -35.34830312530029, "theta_4": -9.489341078903115, "theta_5": 22.06821268152683, "theta_6": -3.3202516582215216, "theta_7": 46.91080964985021, "theta_8": -40.13411601738736, "theta_9": -52.572580594782266, "theta_10": -10.989444534306134, "theta_11": 0.4483395199875213, "theta_12": -19.812506447788483, "theta_13": 55.22580477175014}, "Hufflepuff": {"theta_0": -22.202371650381703, "theta_1": -4.6263931227987305, "theta_2": 68.40572343831239, "theta_3": 67.69882103319229, "theta_4": -90.60809508869401, "theta_5": 20.312498614132267, "theta_6": -55.981312470413535, "theta_7": -90.90702240422628, "theta_8": 34.11507660594826, "theta_9": 31.27893699594695, "theta_10": -34.23261542022109, "theta_11": -10.213705580614679, "theta_12": -14.885026691355788, "theta_13": -41.07267363713504}}, "ranges": {"Arithmancy": {"min": -24370.0, "max": 104956.0}, "Astronomy": {"min": -966.7405456412164, "max": 1016.2119403873959}, "Herbology": {"min": -10.295662748653244, "max": 10.296759343358662}, "Defense Against the Dark Arts": {"min": -10.16211940387396, "max": 9.667405456412162}, "Divination": {"min": -8.727, "max": 10.032}, "Muggle Studies": {"min": -1043.9615274537164, "max": 1092.3886105728684}, "Ancient Runes": {"min": 283.8696087336624, "max": 745.3962198761234}, "History of Magic": {"min": -8.431116672589212, "max": 11.889712754042707}, "Transfiguration": {"min": 906.6273196915248, "max": 1094.4606136146108}, "Potions": {"min": -3.62076162765629, "max": 13.536762124994421}, "Care of Magical Creatures": {"min": -3.313675764124477, "max": 3.0565457738978123}, "Charms": {"min": -261.04892, "max": -225.42813999999998}, "Flying": {"min": -181.47, "max": 279.07}}}