{"weights": {"Ravenclaw": {"ones": -2.7877960512764566, "Astronomy": -4.327751833998833, "Herbology": 1.3773708948650485, "Divination": 0.36563901836373447, "Muggle Studies": 3.6226313393547316, "Ancient Runes": 2.266821995810953, "History of Magic": -0.5841260851461013, "Transfiguration": -0.7209234060697933, "Potions": -0.9840635273435866, "Charms": 3.5095957289924162, "Flying": -1.41863273481069}, "Slytherin": {"ones": 1.3052054115237095, "Astronomy": -2.4496694567924844, "Herbology": -2.6442352908129245, "Divination": -4.025023798447735, "Muggle Studies": -0.9145765204319533, "Ancient Runes": -1.4023823643814484, "History of Magic": 1.3064459027588675, "Transfiguration": 1.6924343555695602, "Potions": 2.6947121362116535, "Charms": -1.4690126789256752, "Flying": -1.1924985849395857}, "Gryffindor": {"ones": 0.0943887109100976, "Astronomy": 1.4546934105015903, "Herbology": -2.2422931613066104, "Divination": 1.0020585556869956, "Muggle Studies": -0.5636519015198148, "Ancient Runes": 2.1821001269461813, "History of Magic": -2.8332064419903813, "Transfiguration": -3.0929148361245056, "Potions": -0.9912804982209238, "Charms": -1.5536769384068996, "Flying": 2.8264787830550175}, "Hufflepuff": {"ones": -2.098867328652957, "Astronomy": 4.000632442184319, "Herbology": 3.5399818568651478, "Divination": 1.652202881410317, "Muggle Studies": -2.7435597399867446, "Ancient Runes": -4.480866926358049, "History of Magic": 1.245512167226701, "Transfiguration": 0.9428908251963021, "Potions": -2.072366376120061, "Charms": -0.7083121674783159, "Flying": -2.0660372073685527}}, "ranges": {"Astronomy": {"min": -966.7405456412164, "max": 1016.2119403873959}, "Herbology": {"min": -10.295662748653244, "max": 10.296759343358662}, "Divination": {"min": -8.727, "max": 10.032}, "Muggle Studies": {"min": -1043.9615274537164, "max": 1092.3886105728684}, "Ancient Runes": {"min": 283.8696087336624, "max": 745.3962198761234}, "History of Magic": {"min": -8.431116672589212, "max": 11.889712754042707}, "Transfiguration": {"min": 906.6273196915248, "max": 1094.4606136146108}, "Potions": {"min": -3.62076162765629, "max": 13.536762124994421}, "Charms": {"min": -261.04892, "max": -225.42813999999998}, "Flying": {"min": -181.47, "max": 279.07}}}