{"weights": {"Ravenclaw": {"theta_0": -18.043357804206337, "theta_1": -9.021771443043312, "theta_2": -33.26525867724743, "theta_3": 7.491240997566307, "theta_4": 15.221900873041088, "theta_5": -3.2288533472761602, "theta_6": 23.69878350385078, "theta_7": 11.37012426230226, "theta_8": -0.893650773516298, "theta_9": -1.543316500381544, "theta_10": -5.115649642791623, "theta_11": -8.21017506927115, "theta_12": 22.21681372875629, "theta_13": -14.10576242608242}, "Slytherin": {"theta_0": 4.0499037405894365, "theta_1": 1.9790778958528341, "theta_2": -14.085844240364544, "theta_3": -15.66173672528109, "theta_4": 18.13574798095398, "theta_5": -24.06885876792676, "theta_6": -7.080932115163029, "theta_7": -11.890376297839108, "theta_8": 8.431907805923114, "theta_9": 11.286988431923119, "theta_10": 15.713002674509502, "theta_11": 1.3861121828160372, "theta_12": -9.470452596243641, "theta_13": -11.083426907717715}, "Gryffindor": {"theta_0": 5.344693605460196, "theta_1": 2.7418932923218486, "theta_2": 14.822178327592384, "theta_3": -13.561540296229955, "theta_4": -9.477484722132196, "theta_5": 10.097741906650286, "theta_6": -4.455579767395514, "theta_7": 17.374377371914346, "theta_8": -18.899255560097714, "theta_9": -21.57095723571134, "theta_10": -6.469328590368345, "theta_11": 1.3442858554421346, "theta_12": -10.87168219117678, "theta_13": 23.833200793303902}, "Hufflepuff": {"theta_0": -10.992245067951085, "theta_1": -4.888541894469551, "theta_2": 37.01504580597946, "theta_3": 33.37522807567032, "theta_4": -48.007290873930536, "theta_5": 10.926946344640736, "theta_6": -28.353150785049635, "theta_7": -48.71696471032166, "theta_8": 18.81089767233842, "theta_9": 17.58163482956753, "theta_10": -15.823431146074952, "theta_11": -4.4302869054552625, "theta_12": -8.171069079640379, "theta_13": -21.998709384766414}}, "ranges": {"Arithmancy": {"min": -24370.0, "max": 104956.0}, "Astronomy": {"min": -966.7405456412164, "max": 1016.2119403873959}, "Herbology": {"min": -10.295662748653244, "max": 10.296759343358662}, "Defense Against the Dark Arts": {"min": -10.16211940387396, "max": 9.667405456412162}, "Divination": {"min": -8.727, "max": 10.032}, "Muggle Studies": {"min": -1043.9615274537164, "max": 1092.3886105728684}, "Ancient Runes": {"min": 283.8696087336624, "max": 745.3962198761234}, "History of Magic": {"min": -8.431116672589212, "max": 11.889712754042707}, "Transfiguration": {"min": 906.6273196915248, "max": 1094.4606136146108}, "Potions": {"min": -3.62076162765629, "max": 13.536762124994421}, "Care of Magical Creatures": {"min": -3.313675764124477, "max": 3.0565457738978123}, "Charms": {"min": -261.04892, "max": -225.42813999999998}, "Flying": {"min": -181.47, "max": 279.07}}}