{"weights": {"Ravenclaw": {"Best Hand": -0.1302929272667863, "Astronomy": -6.984239837918489, "Herbology": 1.9787582348336827, "Divination": 0.39540394635949144, "Muggle Studies": 5.129288501598366, "Ancient Runes": 2.7663001431935155, "History of Magic": -2.063060452338316, "Transfiguration": -2.393176872999929, "Potions": -2.6940011657276997, "Charms": 5.063342496046515, "Flying": -3.2460233417763837}, "Slytherin": {"Best Hand": -0.08872793738634259, "Astronomy": -3.1922671147192054, "Herbology": -3.4579417548434255, "Divination": -6.101701692370465, "Muggle Studies": -1.315587318171953, "Ancient Runes": -1.5963717401862776, "History of Magic": 2.5567293365195742, "Transfiguration": 3.3169369717280826, "Potions": 4.840844849534084, "Charms": -2.089557742455511, "Flying": -0.6819962315641972}, "Gryffindor": {"Best Hand": 0.5358611148312535, "Astronomy": 1.7198807467043449, "Herbology": -2.809502746389191, "Divination": 1.2921918350434427, "Muggle Studies": -0.7853772965934154, "Ancient Runes": 2.7142478413544397, "History of Magic": -3.606754348943907, "Transfiguration": -3.694632481372358, "Potions": -1.2084973028639117, "Charms": -1.8887534250618707, "Flying": 3.5035439913483355}, "Hufflepuff": {"Best Hand": -0.29954415210207014, "Astronomy": 5.977622648114004, "Herbology": 5.814592067646106, "Divination": 2.4509367446307784, "Muggle Studies": -4.497785411866888, "Ancient Runes": -7.861565793138518, "History of Magic": 1.3086483744799502, "Transfiguration": -0.224168177081974, "Potions": -3.9669760546862984, "Charms": -1.0646943014094594, "Flying": -4.705313900305872}}, "ranges": {"Best Hand": {"min": 0, "max": 1}, "Astronomy": {"min": -966.7405456412164, "max": 1016.2119403873959}, "Herbology": {"min": -10.295662748653244, "max": 10.296759343358662}, "Divination": {"min": -8.727, "max": 10.032}, "Muggle Studies": {"min": -1043.9615274537164, "max": 1092.3886105728684}, "Ancient Runes": {"min": 283.8696087336624, "max": 745.3962198761234}, "History of Magic": {"min": -8.431116672589212, "max": 11.889712754042707}, "Transfiguration": {"min": 906.6273196915248, "max": 1094.4606136146108}, "Potions": {"min": -3.62076162765629, "max": 13.536762124994421}, "Charms": {"min": -261.04892, "max": -225.42813999999998}, "Flying": {"min": -181.47, "max": 279.07}}}