{"weights": {"Ravenclaw": {"ones": -2.982630201638126e+21, "Astronomy": -5.487878582175484e+21, "Herbology": 9.561482670014923e+20, "Divination": -3.1571434872485216e+20, "Muggle Studies": 4.0370331857386487e+21, "Ancient Runes": 2.417316731890053e+21, "History of Magic": -5.966860683511721e+20, "Transfiguration": -7.914015774412926e+20, "Potions": -9.24618640199009e+20, "Charms": 3.6830603578584754e+21, "Flying": -1.7865824898197595e+21}, "Slytherin": {"ones": 1.6482421758431577e+21, "Astronomy": -3.2760981790271886e+21, "Herbology": -3.1217527916120706e+21, "Divination": -5.209335375546259e+21, "Muggle Studies": -1.1228555824869608e+21, "Ancient Runes": -2.2040961752851931e+21, "History of Magic": 2.3328438542205505e+21, "Transfiguration": 2.899262383082369e+21, "Potions": 3.915939945206334e+21, "Charms": -1.6127633168524252e+21, "Flying": -2.1759753141314763e+21}, "Gryffindor": {"ones": 1.8806801523616116e+21, "Astronomy": 4.3165561352104024e+21, "Herbology": -5.777874225116919e+21, "Divination": 3.87376640974888e+21, "Muggle Studies": -7.04193674238365e+20, "Ancient Runes": 7.653946535888762e+21, "History of Magic": -7.073589857241829e+21, "Transfiguration": -8.925599655682735e+21, "Potions": -2.0131018245687977e+21, "Charms": -3.3146570963313864e+21, "Flying": 9.176135857554458e+21}, "Hufflepuff": {"ones": -9.61925394546105e+21, "Astronomy": 2.162543668773024e+22, "Herbology": 1.6933197103898154e+22, "Divination": 6.165880010008441e+21, "Muggle Studies": -1.6969298858337527e+22, "Ancient Runes": -2.6569697658671785e+22, "History of Magic": 7.422839072266439e+21, "Transfiguration": 5.454764286143549e+21, "Potions": -1.0619194508913628e+22, "Charms": -6.373668090808617e+21, "Flying": -1.130166742463771e+22}}, "ranges": {"Astronomy": {"min": -966.7405456412164, "max": 1016.2119403873959}, "Herbology": {"min": -10.295662748653244, "max": 10.296759343358662}, "Divination": {"min": -8.727, "max": 10.032}, "Muggle Studies": {"min": -1043.9615274537164, "max": 1092.3886105728684}, "Ancient Runes": {"min": 283.8696087336624, "max": 745.3962198761234}, "History of Magic": {"min": -8.431116672589212, "max": 11.889712754042707}, "Transfiguration": {"min": 906.6273196915248, "max": 1094.4606136146108}, "Potions": {"min": -3.62076162765629, "max": 13.536762124994421}, "Charms": {"min": -261.04892, "max": -225.42813999999998}, "Flying": {"min": -181.47, "max": 279.07}}}