{"weights": {"Ravenclaw": {"ones": -4.114163103863537, "Astronomy": -5.726135894918263, "Herbology": 2.2573466996966847, "Divination": 0.8112550519020355, "Muggle Studies": 5.156849325731027, "Ancient Runes": 3.282455559976676, "History of Magic": -0.8437701218553342, "Transfiguration": -1.2454994777688952, "Potions": -1.6275437778500719, "Charms": 4.97284451212725, "Flying": -1.971485879309099}, "Slytherin": {"ones": 2.515784146262926, "Astronomy": -3.989518615553784, "Herbology": -3.946888982614843, "Divination": -6.577243157428603, "Muggle Studies": -1.4379916828744082, "Ancient Runes": -1.9622451241812393, "History of Magic": 1.9090470709819185, "Transfiguration": 2.7094878169779064, "Potions": 4.246303508177726, "Charms": -2.2787825449777617, "Flying": -1.3622215535144881}, "Gryffindor": {"ones": 0.0526838711429409, "Astronomy": 1.604631175914352, "Herbology": -3.033282858088169, "Divination": 1.455671527230505, "Muggle Studies": -0.4289989809274209, "Ancient Runes": 2.989151591877018, "History of Magic": -3.5065047348233915, "Transfiguration": -3.838913388408736, "Potions": -0.9214277065230289, "Charms": -1.6695025096840934, "Flying": 3.5205695683203633}, "Hufflepuff": {"ones": -3.958584394451003, "Astronomy": 6.41918629758504, "Herbology": 5.92337260956965, "Divination": 2.8548014170822156, "Muggle Studies": -4.211809538426115, "Ancient Runes": -6.577572716497645, "History of Magic": 1.927412631040618, "Transfiguration": 1.220276011775613, "Potions": -2.9407697454450585, "Charms": -0.8538185420176025, "Flying": -3.2819254988654087}}, "ranges": {"Astronomy": {"min": -966.7405456412164, "max": 1016.2119403873959}, "Herbology": {"min": -10.295662748653244, "max": 10.296759343358662}, "Divination": {"min": -8.727, "max": 10.032}, "Muggle Studies": {"min": -1043.9615274537164, "max": 1092.3886105728684}, "Ancient Runes": {"min": 283.8696087336624, "max": 745.3962198761234}, "History of Magic": {"min": -8.431116672589212, "max": 11.889712754042707}, "Transfiguration": {"min": 906.6273196915248, "max": 1094.4606136146108}, "Potions": {"min": -3.62076162765629, "max": 13.536762124994421}, "Charms": {"min": -261.04892, "max": -225.42813999999998}, "Flying": {"min": -181.47, "max": 279.07}}}