{"weights": {}, "ranges": {"Arithmancy": {"min": -24370.0, "max": 104956.0}, "Astronomy": {"min": -966.7405456412164, "max": 1016.2119403873959}, "Herbology": {"min": -10.295662748653244, "max": 10.296759343358662}, "Defense Against the Dark Arts": {"min": -10.16211940387396, "max": 9.667405456412162}, "Divination": {"min": -8.727, "max": 10.032}, "Muggle Studies": {"min": -1043.9615274537164, "max": 1092.3886105728684}, "Ancient Runes": {"min": 283.8696087336624, "max": 745.3962198761234}, "History of Magic": {"min": -8.431116672589212, "max": 11.889712754042707}, "Transfiguration": {"min": 906.6273196915248, "max": 1094.4606136146108}, "Potions": {"min": -3.62076162765629, "max": 13.536762124994421}, "Care of Magical Creatures": {"min": -3.313675764124477, "max": 3.0565457738978123}, "Charms": {"min": -261.04892, "max": -225.42813999999998}, "Flying": {"min": -181.47, "max": 279.07}}}